{
    "$schema": "https://schema.management.azure.com/schemas/2015-01-01/deploymentParameters.json#",
    "contentVersion": "1.0.0.0",
    "parameters": {
        "networkInterfaces_sylesh357_name": {
            "value": null
        },
        "networkSecurityGroups_OsgroupNSG_name": {
            "value": null
        },
        "networkSecurityGroups_sylesh_nsg_name": {
            "value": null
        },
        "publicIPAddresses_sylesh_ip_name": {
            "value": null
        },
        "virtualNetworks_Osgroup_vnet_name": {
            "value": null
        },
        "storageAccounts_osgroupdiag676_name": {
            "value": null
        },
        "storageAccounts_osgroupdisks430_name": {
            "value": null
        }
    }
}