{
    "$schema": "https://schema.management.azure.com/schemas/2015-01-01/deploymentTemplate.json#",
    "contentVersion": "1.0.0.0",
    "parameters": {
        "networkInterfaces_sylesh357_name": {
            "defaultValue": "sylesh357",
            "type": "String"
        },
        "networkSecurityGroups_OsgroupNSG_name": {
            "defaultValue": "OsgroupNSG",
            "type": "String"
        },
        "networkSecurityGroups_sylesh_nsg_name": {
            "defaultValue": "sylesh-nsg",
            "type": "String"
        },
        "publicIPAddresses_sylesh_ip_name": {
            "defaultValue": "sylesh-ip",
            "type": "String"
        },
        "virtualNetworks_Osgroup_vnet_name": {
            "defaultValue": "Osgroup-vnet",
            "type": "String"
        },
        "storageAccounts_osgroupdiag676_name": {
            "defaultValue": "osgroupdiag676",
            "type": "String"
        },
        "storageAccounts_osgroupdisks430_name": {
            "defaultValue": "osgroupdisks430",
            "type": "String"
        }
    },
    "variables": {},
    "resources": [
        {
            "comments": "Generalized from resource: '/subscriptions/173bf932-763e-4ab6-8e07-f2f644209132/resourceGroups/Osgroup/providers/Microsoft.Network/networkInterfaces/sylesh357'.",
            "type": "Microsoft.Network/networkInterfaces",
            "name": "[parameters('networkInterfaces_sylesh357_name')]",
            "apiVersion": "2016-03-30",
            "location": "southcentralus",
            "properties": {
                "ipConfigurations": [
                    {
                        "name": "ipconfig1",
                        "properties": {
                            "privateIPAddress": "10.0.0.4",
                            "privateIPAllocationMethod": "Dynamic",
                            "publicIPAddress": {
                                "id": "[resourceId('Microsoft.Network/publicIPAddresses', parameters('publicIPAddresses_sylesh_ip_name'))]"
                            },
                            "subnet": {
                                "id": "[concat(resourceId('Microsoft.Network/virtualNetworks', parameters('virtualNetworks_Osgroup_vnet_name')), '/subnets/default')]"
                            }
                        }
                    }
                ],
                "dnsSettings": {
                    "dnsServers": []
                },
                "enableIPForwarding": false,
                "networkSecurityGroup": {
                    "id": "[resourceId('Microsoft.Network/networkSecurityGroups', parameters('networkSecurityGroups_sylesh_nsg_name'))]"
                }
            },
            "dependsOn": [
                "[resourceId('Microsoft.Network/publicIPAddresses', parameters('publicIPAddresses_sylesh_ip_name'))]",
                "[resourceId('Microsoft.Network/virtualNetworks', parameters('virtualNetworks_Osgroup_vnet_name'))]",
                "[resourceId('Microsoft.Network/networkSecurityGroups', parameters('networkSecurityGroups_sylesh_nsg_name'))]"
            ]
        },
        {
            "comments": "Generalized from resource: '/subscriptions/173bf932-763e-4ab6-8e07-f2f644209132/resourceGroups/Osgroup/providers/Microsoft.Network/networkSecurityGroups/OsgroupNSG'.",
            "type": "Microsoft.Network/networkSecurityGroups",
            "name": "[parameters('networkSecurityGroups_OsgroupNSG_name')]",
            "apiVersion": "2016-03-30",
            "location": "southcentralus",
            "properties": {
                "securityRules": []
            },
            "dependsOn": []
        },
        {
            "comments": "Generalized from resource: '/subscriptions/173bf932-763e-4ab6-8e07-f2f644209132/resourceGroups/Osgroup/providers/Microsoft.Network/networkSecurityGroups/sylesh-nsg'.",
            "type": "Microsoft.Network/networkSecurityGroups",
            "name": "[parameters('networkSecurityGroups_sylesh_nsg_name')]",
            "apiVersion": "2016-03-30",
            "location": "southcentralus",
            "properties": {
                "securityRules": [
                    {
                        "name": "default-allow-ssh",
                        "properties": {
                            "protocol": "TCP",
                            "sourcePortRange": "*",
                            "destinationPortRange": "22",
                            "sourceAddressPrefix": "*",
                            "destinationAddressPrefix": "*",
                            "access": "Allow",
                            "priority": 1000,
                            "direction": "Inbound"
                        }
                    }
                ]
            },
            "dependsOn": []
        },
        {
            "comments": "Generalized from resource: '/subscriptions/173bf932-763e-4ab6-8e07-f2f644209132/resourceGroups/Osgroup/providers/Microsoft.Network/publicIPAddresses/sylesh-ip'.",
            "type": "Microsoft.Network/publicIPAddresses",
            "name": "[parameters('publicIPAddresses_sylesh_ip_name')]",
            "apiVersion": "2016-03-30",
            "location": "southcentralus",
            "properties": {
                "publicIPAllocationMethod": "Dynamic",
                "idleTimeoutInMinutes": 4
            },
            "dependsOn": []
        },
        {
            "comments": "Generalized from resource: '/subscriptions/173bf932-763e-4ab6-8e07-f2f644209132/resourceGroups/Osgroup/providers/Microsoft.Network/virtualNetworks/Osgroup-vnet'.",
            "type": "Microsoft.Network/virtualNetworks",
            "name": "[parameters('virtualNetworks_Osgroup_vnet_name')]",
            "apiVersion": "2016-03-30",
            "location": "southcentralus",
            "properties": {
                "addressSpace": {
                    "addressPrefixes": [
                        "10.0.0.0/24"
                    ]
                },
                "subnets": [
                    {
                        "name": "default",
                        "properties": {
                            "addressPrefix": "10.0.0.0/24"
                        }
                    }
                ]
            },
            "dependsOn": []
        },
        {
            "comments": "Generalized from resource: '/subscriptions/173bf932-763e-4ab6-8e07-f2f644209132/resourceGroups/osgroup/providers/Microsoft.Storage/storageAccounts/osgroupdiag676'.",
            "type": "Microsoft.Storage/storageAccounts",
            "sku": {
                "name": "Standard_LRS",
                "tier": "Standard"
            },
            "kind": "Storage",
            "name": "[parameters('storageAccounts_osgroupdiag676_name')]",
            "apiVersion": "2016-01-01",
            "location": "southcentralus",
            "tags": {},
            "properties": {},
            "dependsOn": []
        },
        {
            "comments": "Generalized from resource: '/subscriptions/173bf932-763e-4ab6-8e07-f2f644209132/resourceGroups/osgroup/providers/Microsoft.Storage/storageAccounts/osgroupdisks430'.",
            "type": "Microsoft.Storage/storageAccounts",
            "sku": {
                "name": "Premium_LRS",
                "tier": "Premium"
            },
            "kind": "Storage",
            "name": "[parameters('storageAccounts_osgroupdisks430_name')]",
            "apiVersion": "2016-01-01",
            "location": "southcentralus",
            "tags": {},
            "properties": {},
            "dependsOn": []
        }
    ]
}